<?xml version="1.0" encoding="UTF-8"?>
<project-private xmlns="http://www.netbeans.org/ns/project-private/1">
    <editor-bookmarks xmlns="http://www.netbeans.org/ns/editor-bookmarks/2" lastBookmarkId="0"/>
    <open-files xmlns="http://www.netbeans.org/ns/projectui-open-files/2">
        <group>
            <file>file:/C:/Users/benabdelmoumene/Desktop/Ilyas/école%20ECE%20-%20année%202/Projet%20Micro/usbcdcdemo.X/sysconfig.h</file>
            <file>file:/C:/Users/benabdelmoumene/Desktop/Ilyas/école%20ECE%20-%20année%202/Projet%20Micro/usbcdcdemo.X/main.c</file>
        </group>
    </open-files>
</project-private>
